real,previsto
494.87921495873104,498.8493380596301
496.17510260037477,500.1477330485236
497.2215165196893,501.1960371018613
497.8203982159988,499.3696945025745
497.9656616950839,502.187296275478
497.68600910754265,501.17130992878424
497.28956580928605,499.63044464451394
496.9309796045442,497.73237633491425
497.16803118842597,498.2952737850979
495.8749868314292,495.2974546287952
494.49794324018455,496.2473038855606
493.3843270358949,495.92866541509176
492.86019186567853,493.89161482802814
493.2886197243481,495.1094361293551
493.8187337170402,496.42641267181546
493.92711309694056,497.2919990413065
493.7173112716795,499.3494583216074
493.204699465876,495.87757626733145
492.58966705323814,499.4771746695756
491.9897604654086,495.1247482656591
491.9504210201261,497.4911940674739
493.0082767003642,498.9105269390954
494.15239166918894,497.7938890935181
494.8883978262138,501.6700523166477
494.9110335382751,500.93344147849297
493.9814353515629,499.2595763861762
492.8228364898837,497.5624349822222
491.8379233426588,496.9596764555114
491.32837212163713,492.6123928087333
491.53038476167944,496.4006209280899
491.8867162396051,495.829610766974
492.0786397327621,493.26766643035785
490.8969309337344,493.1761213390177
486.71741186881536,489.3495384609133
481.60217404205844,483.43663803028494
477.67523734837704,479.1510801824502
473.72346240892136,476.82937046763203
468.91658139179054,470.35823622696597
464.1545448356423,467.43608216656384
460.2982131940089,462.28371281977553
458.3446920233335,464.5410887121333
457.1527133516936,454.3865006759193
456.1635712078553,467.53455618858715
456.50895473845645,465.2358190266235
456.1083136039245,463.1052907690535
455.60952030897664,456.8763444919523
455.9247954378901,449.4107316634915
456.9009975473006,450.21479944583695
460.3043581141894,457.3691820227898
466.75861247321086,462.9640238718646
473.5001401222361,469.5653318751177
479.7230074269796,476.47862465161506
485.241301797465,481.7220251631794
489.9888661154086,486.8912014609247
494.08046800391344,490.2981142294891
497.6081680390143,494.3901505317148
501.10770377485636,496.9652371616437
505.03439732841764,502.0878621610821
508.73171411520804,505.61225725043437
511.9688355540562,510.6079581811347
515.0380825700888,513.7727116181119
512.3907702373494,512.2502684179842
509.1682927340799,507.07982429617465
507.28090491787833,506.8739286473114
504.97281792285355,502.9429973889336
500.6137756645578,496.37046695038185
496.3331916734641,489.4302794703399
493.74370595682336,484.36283662680887
492.9771316310877,484.35288084795036
495.25303548487926,486.96286534115745
497.4668356310185,490.135993914803
498.07712403223843,494.47245867156704
497.5043096780669,491.1822194424466
494.64973188717534,489.45000351410266
491.6524447862514,486.96308613906905
490.1740839557763,488.44979122572335
490.29252495249244,495.3814219345216
491.43002048398546,496.70756745210235
492.70683219336144,498.2455827936214
493.85935743101044,498.49408764220783
494.1815324372017,498.42721260690246
493.4086320708892,496.75417572381247
492.2565079206803,496.2640760523214
490.80486094047137,494.3287091568608
490.3542518156663,493.50840763198744
491.48762358769176,493.9908563331288
493.08495387343754,495.95839722269454
494.6335760670041,497.6579325792156
496.51353798403073,499.02582714423306
499.08285509911485,501.66225580032705
501.658050857099,504.86930280075137
504.0092489264536,507.2592490375009
506.53422141052886,510.2525880424393
509.59698203817686,512.8854031384567
512.5966551160568,516.3019916168636
515.287621338887,518.6292907540588
513.7474102467763,516.9184019814161
511.93199427685425,515.1662541350188
510.59032077588614,514.0419223486407
509.76542106344067,513.341341656706
509.9146683921292,512.9351030911004
511.35538789603254,514.0384388909752
512.8151441624437,516.4302743965968
513.8095409222847,517.2600643533789
514.212082949198,517.9474530364575
513.9968154746564,518.0735126685662
513.5826932684021,518.9443456993
513.1751574555111,518.561431254544
513.4345492932787,518.9618223711317
514.9349148882291,521.3993036570737
516.4279543579346,523.4953116650171
517.3696770663229,524.2416205940693
517.7113408041215,525.0818334636889
517.5163933703031,526.6110398920243
517.0979961125208,526.5986653490754
516.636145344783,526.3922851331916
516.0724366603785,526.3278462903787
515.2759854439729,524.0738200563508
514.4820815255438,518.1766464856788
513.8188605440619,515.9300724663037
513.248825551135,521.0835031846444
512.6868954047244,513.451941369592
512.151551263385,514.1982361109184
511.6459039664106,512.8477978503845
511.03187556666256,512.315546587343
510.10400357770897,511.17008300067124
509.0731977673439,510.2324398813854
508.1176791913567,509.13196644420987
506.38228493611297,507.34437064590793
502.4461684785308,503.48183179714715
497.81525412825863,498.83832115343813
494.3405251891494,495.0615550475153
491.2200745387261,491.9139100119669
485.6799445587826,486.6543880937911
479.72727587978517,480.59167736002115
476.07898277175013,478.57704289046984
473.83303944628767,482.59756210971244
470.2870596353713,481.0197470924259
467.0748188084802,474.5142021253672
461.30074435566837,466.98341166945454
457.94040544012483,460.21632945068006
459.9939252669955,450.3368077236778
463.6300354804015,451.8634663554162
467.82290518381103,457.8614309469325
473.6639898138476,465.31253338138924
481.8756844811058,474.0805963512937
490.05410991081834,483.98241964596235
497.47528458374313,490.8193882765548
504.81800324430645,499.89004735528596
512.6571973428206,508.58242094011837
519.8635797299033,514.34791895374
526.1110849173306,522.9146442444099
531.5457803340141,529.9587604061971
536.3793909885059,537.3303672711335
540.63098041141,542.8980542523886
544.3668202889993,547.8563042944644
538.0667651271866,541.0428889444496
529.0836323187845,523.3944943542829
522.7999221509968,519.5678595692755
519.0325973846972,519.4657013092169
517.6441785313083,519.4080090751252
518.1298913616482,519.9780789225308
519.6518521395062,521.57146429308
520.6740242615358,522.0744093239172
521.0433712949031,522.2395674091572
521.2922924289289,523.5501496412423
521.3132861807699,523.9545764840049
521.4036537921247,524.12634241295
521.052118737773,523.7999046826098
519.6412024469212,521.7077045091888
518.2798472323411,520.7402141700907
517.753200707347,519.7623169868345
516.894827092317,518.8884501162016
514.1335315456197,515.4822547019384
511.2955856562421,512.3542054722857
509.9738099787466,510.33638197581183
509.93495877649485,509.1693649633717
509.88070291771044,508.8377125425809
509.5879484301471,507.7264275719783
509.6572671378644,506.9237279144016
510.772858380359,509.4648734071235
512.187042461101,510.6922001977099
513.8221506430087,512.0274352642401
515.5586737458734,514.880782415306
517.2054490866927,515.940269349358
518.5431562772054,518.2376296556412
519.8584206195917,520.1212898218364
521.2170881550684,521.8731067242352
522.403367289191,523.8009039018405
523.1930872438188,524.5769712883625
523.7616337404235,525.8434132563323
524.1695485526533,524.9917359359537
525.509856687657,527.5935791271324
528.7822498613803,531.1176199082394
531.172938760519,533.3424087120053
531.3698790377609,534.053745146013
530.9914882935487,533.2486665889737
529.8782271287323,532.7775606147973
528.8273058008962,532.3307599706505
528.1283864494361,531.9649452190712
527.4171940278502,531.6999910395159
526.2991135908583,530.4251939384569
525.2466361317372,529.8468727216031
524.4574234537417,528.3448406855933
525.1040969063888,529.9706356240547
528.2519096313068,529.0968724439434
531.0957794462939,531.1846700735229
532.8755706250823,538.1157667183784
532.6305996502265,534.4672302181407
529.5498984546857,531.3643172860809
526.0112438283244,526.5016835016728
523.1903210895593,525.1544965752377
521.7663033443847,522.7120883094715
522.2146686648939,524.448962170912
523.2032647250583,524.7007141705117
523.4992228431072,525.3869213729193
524.0426515740519,526.0855153428347
525.4388422416915,527.4189589227909
526.6714499440392,529.0744093961835
527.3202761429452,529.4232054189632
527.1695007548626,529.1859772018398
526.0691412543986,528.738668613602
524.7848606714259,528.000893858396
523.7245163623845,526.4093435783518
521.8777296776761,524.8564670741661
517.8014855175168,520.3300893293333
513.3848672032334,516.7402739373929
509.916152381118,512.8975066417993
507.1054404986051,510.23834316537835
502.5144906958906,505.6047916342166
497.12886498772735,499.7330476648125
493.602523161889,496.4587971701048
492.1574865293533,494.6292553085914
490.43564034721874,499.1409468457074
488.65846641686704,499.085419804969
484.67313076711355,492.5550525037554
482.98142958420266,488.71625895676146
486.38240166776563,488.3598426826912
491.22206928774324,491.2163171730825
496.2741486791777,488.8028450135075
500.56954281545774,492.6174234993424
503.47751332956966,495.5518028244539
505.8648006796437,497.9689510918163
508.00657008892415,501.1026430324072
511.23368312948656,503.9174916405199
516.4901140659216,510.1258717343079
521.8048558714555,515.4925680015973
526.4866361933775,519.3438829234199
529.818437479249,524.5701484460445
531.2825965674054,524.9865836289018
531.9888348552508,526.8882147131324
532.4431225739161,525.7831222675094
532.2003121402693,525.312013526047
530.7416173125393,522.6913284853158
528.9276279338591,519.3860592264676
527.1078822048186,518.9361777543292
526.7136181289932,517.5171529738616
528.9956228673647,527.4227210321765
531.777169189654,530.6649912217156
534.216903216918,533.4246093107428
535.9962493628294,535.688547274589
536.9262242641015,535.3261636430482
535.7035206080559,532.9454641263937
534.391603526403,529.6968259667913
533.651850860243,529.0757738433939
533.280691331187,532.7745132446963
533.2432418825905,532.2446191790352
533.4468406365241,531.5096064175611
532.3017211828621,533.6037145965372
528.3298736199648,530.0612123892896
524.3116212546337,526.8644075311385
521.7195604854221,524.1286854005277
521.890775117915,522.7879364985992
522.8693731662898,522.1982967753469
521.4707233355904,521.152585412375
519.5001837779146,518.7828986928785
518.3678513425966,517.9246756677229
518.9452836432897,517.7621664228789
520.2319465412761,518.2251163682389
521.6062803133119,521.0968029733651
522.5154492671195,522.8237323060404
522.5154573407431,522.6041813872009
522.373775426013,522.2773113680994
522.3250188966931,522.1992322039939
524.1766383287315,524.0108457055114
529.3019483650058,528.3630983752352
534.8917976797709,533.6313492036967
539.9137282683032,538.5508741896241
544.221319906799,541.8034458014329
547.8504726136601,548.0799106943372
550.9655916618727,551.0634942835687
553.6991956698308,555.2578456891423
556.6375116771186,558.8290731795499
559.6514315113482,563.3459416795895
556.2242457233295,559.9571101962738
553.8853438972235,557.2220071387944
552.2727057367846,556.1787487440313
550.9512989834225,555.48587978476
550.050930810237,554.8935232494567
549.5562345475672,554.6411883002527
549.3500760565764,554.8747134553739
549.3193699981299,553.4490126481858
549.3092472023322,554.198406793189
549.2315158933554,553.0413522251387
548.4478530253818,551.5609968641238
546.1306402034525,549.234987198202
543.3250395705056,544.493158836999
541.1172083430619,542.1344677384442
540.3302909719846,541.6444025657587
542.5355907385402,543.496074947502
544.781408876793,545.9300864759376
545.9778484446225,547.3455052515687
546.1516847243961,547.2061642253707
545.0799238620456,546.375874473665
543.6383782574464,545.5046422337525
542.3395224795072,543.8805629323691
541.6247896299253,543.2542107100124
541.8050175414261,543.6757118633969
542.1821086258306,544.026320758612
542.4295905056381,544.080517769282
540.9119195925896,542.6018700038978
535.3060890882565,537.2674781092443
528.5570917483519,530.6661314956879
522.8890023921946,525.4580323583929
519.3445108054441,521.2377324470408
516.6505827310364,519.2321770545881
513.0927874848414,515.119475508268
510.0543905355784,514.0722978601611
508.4489138182123,520.5510919458269
506.2087740602038,516.5009564440817
502.56613077945616,512.2474865105456
496.86931337236854,504.24253881049293
493.3862188371683,498.55581760993516
493.15817541625347,494.23733026876624
494.4042612807776,493.6916800042641
496.4987989915113,489.9623990310598
500.100694197189,491.90118618861186
505.85900367433436,498.0700135378724
511.69702022790096,504.43457965307636
516.9957017920162,511.21358953118937
522.3158209438761,516.6556397038145
528.1242349857357,523.4788854551987
533.5231898248129,529.4483465163571
538.2393259254394,533.6835601391806
542.1581138605641,537.5022424883825
545.2319632347655,540.553185212138
547.7546588511113,544.3714842899593
549.8866900700975,546.7943300644306
550.9375082491135,548.2827396141984
550.1970473825043,543.9656456442347
548.8634912249073,539.5704982635177
547.4775901617153,538.8143497679348
546.6834149784729,541.3596426033962
547.0704963556935,543.7088319562768
547.7837215929036,544.7551562103538
548.27800852717,546.4509584241493
547.8233277176699,543.0079144559772
545.3606118568846,539.1003926925114
541.8320522925235,538.1954148086492
540.0351704095148,534.4912292080147
539.3023924072573,534.8846525493906
538.1685605536275,534.1359556289922
537.0080264069203,532.7250061068194
536.0113317379256,531.7108134888109
533.7935128554884,532.572975561903
529.07887967351,525.6141011221112
523.9770681854595,519.4624967317023
519.417220528241,517.5229518080554
515.4681434661808,514.4471387482488
511.79573182857933,509.41563437395075
508.42596131548,506.64319791074445
505.494624363882,500.8356889155895
504.26155129877293,499.89246918225757
505.3839073838659,500.15289793658167
507.07114484609906,502.12673765710997
508.77865379564895,503.3068975955325
511.0288818898257,504.94428868223093
514.1167240549095,508.2198111511565
517.1875313747614,510.9366311653427
519.9239801759277,513.8383242272196
523.19634774626,517.1862551573515
527.4463681552704,522.0787228057616
530.5596286646241,525.8053662294701
531.9943419583526,527.6286109681637
532.3178470189864,528.3130923359861
532.1657361474398,529.3227913615651
531.1028331449817,528.4932751474647
529.0288728429283,527.4443730705262
526.8156120755262,526.4031684933384
525.8021824911714,525.2190803127081
525.5199872887279,526.2705109567173
525.6822802133776,526.5016378572767
526.0991562854855,526.9754276644245
526.9738920957499,528.693736123343
528.400943350426,530.8101025766259
530.3760584524427,534.0274069913387
532.4526652461444,535.3522136658232
534.1903624012555,537.4872072392602
536.1271364249457,539.0142868543503
538.432855540387,541.6358027971586
541.0711089179206,544.6650629403867
543.6699943814011,547.097382441028
545.8668767813718,550.4581440597382
547.5975440335675,551.8483939114818
549.2979084115887,554.0459267393405
551.6806347093064,556.0769484580785
554.4806789260604,559.1522547501133
557.5003843583884,562.172554427734
560.2081184152264,564.8656725013753
561.7071429328141,566.4833146810175
559.565859750577,564.3313163164137
553.7682557007785,558.9316992019778
549.5455004303984,555.0066709471861
546.0001766934337,551.5820100480724
542.5812515000241,549.1372076844615
539.0174382408723,544.8955719596322
534.1694627452301,540.4767311302193
526.7936491682815,533.0850103296527
519.3210872653193,525.8641495077118
513.7476973953629,520.8061319088151
505.6890882497043,512.3885792091908
489.6313567617982,496.19237595433106
474.43770052396314,479.26913697311386
461.86299652548684,460.9789715502064
451.14936932190176,445.75180749735483
442.7410551765522,433.97231103818024
437.3921065997637,427.9222609408126
434.3371289922499,426.8021914911814
434.6582031373303,429.38991944038196
438.7440379707665,435.19572367589967
443.3304404230892,439.50183925660446
448.1297380936111,445.29908066999093
455.4003378446315,451.7066150113431
465.3764580884902,461.8185307177844
474.60365328841624,471.8254881550167
482.3298561966901,480.77879795831905
487.31968127979917,484.8864083282703
488.9895734587833,484.6248956931153
488.8283343796422,485.9797604046309
487.2482123237124,483.3806872824885
484.8100000728655,481.2474403389343
482.488625873037,478.9061204919116
480.33103255720755,477.8268391473546
478.35332298654794,478.6810765753803
477.1706963680759,480.7314295227327
476.8299707611076,482.2373151644739
476.5107741293482,483.6453008502246
476.1379021486365,483.05868898286093
474.43016117230707,483.3738566618948
470.48909499521653,477.9193697398252
465.87644853732183,470.81040795633686
460.93545893019575,465.4650257526166
455.8162840363122,457.2707134249395
450.9234431939991,450.71534669444566
446.2746558004674,444.6127325972879
441.8628552747865,439.546886089262
436.9723843903614,432.4786554783663
434.3589922580786,430.26380172487296
434.39499680962143,431.8772665735729
434.3766318998737,433.1320177823249
434.28467124852136,433.8722375960961
434.0695592750825,434.8519429550778
433.70081978505743,432.60053187350593
433.2472621054908,431.4290248279705
432.7579306556393,430.38290073360344
432.2081698360193,427.7603070567056
431.6092549914908,426.86579227934914
431.02189302822535,424.5928446658342
430.47433237771287,422.8230943603455
429.96233264708763,422.2630169830345
429.483056284521,422.53971157793393
429.04062019610893,421.1899075317653
428.6381593092314,420.2712400882401
428.26613544245663,422.4521370962038
427.9272801016096,420.31847093116164
427.6305024673565,419.5354043433419
427.38890044678783,422.08083999940504
432.88278067025345,427.7785722198021
445.050625222957,440.3363929962719
456.9601860815464,452.9636930829882
467.660090621358,463.97197480637806
475.94976074202,473.01498747589494
482.4521266418426,478.8119169731241
487.1333410461264,483.52178188491405
488.7506376437481,486.0203078073349
487.7218443084355,484.0840000669971
486.1508634623641,483.3560443994762
484.5440404180059,481.50280082612755
484.57481120755415,481.9479037740843
486.61971310016895,482.5531515760361
488.30949836063644,486.3902378759152
489.319697549495,488.123499102294
490.2016593624785,487.52215562699774
491.1965170179652,488.0787944094703
491.733833069188,488.79036391111424
491.69312888472234,488.84880383176295
490.3594319180397,488.33716654921
487.74844189268975,484.51615646435266
485.1116378975446,481.3148214206923
482.64865125691705,479.19373422748544
479.5898867359144,477.49144908156387
475.5427270606517,472.7243605011851
471.5338328670743,468.3613821726063
467.82159805331725,465.5043168687452
465.66289225760676,462.30397514634143
465.5041181924459,461.6142181517546
465.69859777579717,461.8471685001428
465.9523938531085,464.0835391756657
465.3137754300091,463.8417791817028
463.2896479766154,459.42470062655536
461.09655296741704,458.4781858832722
458.92279903915113,454.9579439220449
455.8361164517938,452.994905559982
452.4515887902963,449.8273932021497
450.58953173794333,448.23455567017874
450.373457383095,447.7379151094321
450.89428460705346,449.6339977044482
451.2025661536453,449.76919563667235
451.9908267328017,451.2136030790524
453.3306343675332,454.68307568200504
453.8103486076386,456.8643623088169
453.4630257333873,456.757295260821
454.44429694947576,458.54218633194915
456.8306853958127,461.71503155475267
462.87520521534464,468.9641688937313
472.13885009933585,477.54964055549226
480.24147492297357,486.04535163450447
486.5466897811244,496.4374009535638
491.44485343925334,503.17210198262103
496.0581982114939,504.80045922533833
500.78553288175965,512.9784341628553
505.67960705052553,510.19425766067667
511.203791084069,524.2906474288382
517.427484340637,521.8556850619117
523.49433568241,526.2714322098018
529.2164208376729,532.3402660873363
531.9859592808544,533.6781731418627
529.9821665678636,533.3295456355911
527.2775633811841,528.8853717983294
525.283888816523,527.1127496843575
525.9464810454749,527.5520519362688
530.1808838059017,533.056376916634
534.8856045181959,536.3889145543102
539.0235664049054,539.2348083160675
542.272156678967,541.3682263037891
544.8462040675322,542.275844306773
547.5971591146143,545.5749939423263
550.5982525866463,554.8283846477127
552.581806080702,556.9865429640206
552.6116301282506,557.6908982126828
552.0711691147296,557.4121896585392
551.5150648099271,557.3863637996329
552.0495884692224,558.3437050215566
554.6241869406039,561.2105347163535
557.5772847274217,565.2551638241343
560.2259007877213,566.5932048463733
561.1432649377003,567.6142515548835
559.0194509992076,565.0450616809767
555.952761541206,562.7776224743665
552.9520023678153,557.9638371702064
549.2732169322607,553.2097187348425
544.1919735681043,546.8564400533909
539.1408745781083,540.5104547992553
534.5493376428383,536.2503119884366
532.6621482019783,534.2360394677684
535.056806228022,535.3693710222929
538.0911324703833,538.2127860154029
540.4208150815055,540.9274160960691
541.1071521453263,541.0541898038384
539.9605682454716,539.2416838448911
539.1211609055048,538.3385850407949
539.1450845686537,539.4302820375863
541.193348012039,540.2331718762501
546.2012487837044,544.8905978358717
551.5964366829674,550.4542138452559
556.4158241501323,555.3342494090649
560.5971386629066,559.9917326267658
564.2527414501967,562.530991770634
567.4018270201558,567.3551056327403
570.1213222908274,569.4060576837263
572.9789395273799,573.011716432296
576.5422241056594,577.3291959829122
580.1098650601272,581.5102523095004
579.3284024310785,580.6638846094884
573.8431998255976,575.8021783456038
567.9436665396661,571.6464014163126
563.0892464017913,566.5622829815726
559.8076996582657,564.0159262195153
558.8902826694131,563.4782507944121
561.1650414361188,565.4238212821945
563.5982381951361,571.1655644931889
564.5411467986153,570.1282876868368
563.7904395094766,572.0797806252552
561.116977271298,567.745263723137
557.8854223681469,566.309646035696
555.210862192163,562.3194853333713
553.3403233974295,562.524884663434
553.1386837730226,561.7956906692664
553.2566798962645,562.6819816363258
552.6756442854364,561.9686293497097
552.2054090443452,561.9392028990419
551.4195488733332,560.7458974153141
550.2614019754936,560.2044198099192
548.7050616346222,558.5293986322849
546.5887422371621,556.4178351194433
544.1435941843135,553.9792887192712
541.4512491625733,552.2849586997004
538.2962322539204,549.0357288011284
533.6246143828579,544.7718978401797
527.3819025819713,538.7335038963672
522.6833636648839,534.5398577134267
518.33166181656,530.5117521029794
512.5208550357652,524.9865894820582
506.12100093900204,518.7987567824908
500.80394581115075,512.8754029872601
497.32525856505447,509.3340069335853
493.2595432194065,504.8126063278573
486.7971370484901,496.5293396620436
481.9637509153543,491.0863685224384
479.1696690840798,481.00167259465843
480.23223055780835,479.5019505358632
486.17135791948243,485.95448284938936
492.5431944592616,489.88189792183886
498.26375575587673,495.60625172786706
505.0255540939967,503.84711663427606
513.811656452877,512.6630015530847
522.204249979724,521.4692038326249
529.573457637877,528.4167907980244
534.6134787033187,533.3404538305929
536.4090944262484,536.2490618169772
537.1042382844245,534.6307003081395
537.5147295886961,534.7486527681376
538.5847707586664,536.0770234015471
540.987423707202,538.194751353957
543.453886865592,540.1682034292803
545.4934029491261,542.8642642490894
547.2909446857402,544.9479517181211
549.1246329083837,547.5623717063653
550.7440932968098,549.6194893286067
552.0938090661241,552.1221323353567
552.5034834875725,552.3598619605361
551.2932334602018,552.6694670932161
549.620671046875,551.4335782536818
548.0486827850278,550.1272337874019
547.4011392292189,549.8386427465346
548.1590275514054,550.5670952842121
548.50876863333,551.4760521816986
547.601419164373,551.135902501973
545.6299806491008,549.4103409840014
542.8092177020159,546.979340782884
541.355252142397,545.461500801435
540.9403361488233,545.3487719574304
538.1135459085685,542.2927933222591
530.8005496002022,535.2691487278894
522.4685952492367,527.0440050874724
514.6238091137476,519.0571902481312
507.0337321689842,510.92323303411905
499.374188497311,502.14273039643314
492.6112719979405,495.51419262046636
487.1968263865909,472.9588364057297
484.95252388083986,476.5020678607309
486.2872245457037,473.6049463133303
488.3998019147715,475.4650184571792
490.63139036303716,476.1289461430296
493.68709432247744,480.56570317397166
497.8287451982933,484.88910487570337
501.8269219636055,491.7520555275491
505.297119205725,496.5369583790581
508.21588416734085,501.3730245945973
510.56099549083075,507.0928796846547
512.2317294892038,509.55302635138435
513.253654674173,513.2570430909648
514.8097067067617,515.8031619133753
517.8361411532569,521.5217474844768
520.8340068929837,524.6311820771672
523.360003010085,528.3615943337048
525.5360780351174,530.5580619859309
527.5298560264756,533.3545688015207
529.282710616448,534.5583462192826
530.8144070365574,536.2123171640608
531.2584607678467,535.5861125105807
530.4992764589808,535.8808613267814
530.565847042819,536.4730542059165
531.8014036433824,537.0542246505327
534.0009468283266,539.4718661502317
537.2570006776933,544.3008030598892
540.4495433650806,546.7256358340173
543.197747908497,550.5598979325895
545.3689817337499,552.5528895921024
546.9018838722587,553.7629914314252
548.0989958438845,554.4558851923664
549.1232425901081,556.8315590001317
550.8277436450352,558.5510669880626
554.0531459147728,561.7220796333662
552.931662470223,560.9213591522616
550.92249092822,558.9847717769945
549.2552846700348,555.7540194821025
547.3023719007249,553.1590654932616
545.6813162354005,553.8202550349422
544.6116162572106,550.1579361806386
544.1363379427598,551.9095599043096
544.2630856653712,549.4837690891478
544.5079154333134,549.5853466095855
544.612061479376,549.5732558856129
543.553389894341,547.9949515181736
540.1295439573399,545.1876835959174
536.1094460933548,540.3865380079493
533.0471034371762,537.7961048928571
529.6637706179306,534.4470206439612
525.0141333083083,529.4978078251238
520.3602696253553,524.9567893996083
516.8500726899434,520.5001487437511
514.3508063900996,517.3592194719681
510.8570018914912,513.2628919563201
507.2353142669186,508.46502805637573
501.4595255995856,500.899111247279
497.7827428622218,498.7105029814523
498.4774042486065,498.1503274273528
500.5520616636624,500.08174219486693
503.26505511729846,501.30073991590524
506.22727090132776,496.4721534878858
509.4300220626152,497.9192060906451
512.5713674281459,499.3504453676754
515.5301605873658,504.94646353031936
520.3015348216138,509.0134999983446
528.2605716150285,518.3023375992484
536.3353944283496,527.1363915392741
543.4825429166572,536.1049018219821
548.2681578988131,540.6257050200066
549.595034605571,542.7076302327529
549.7141800270364,541.7004319178035
549.630406888721,539.4830557389545
549.0099805327603,538.6431204757739
547.3301203480028,537.6426537656263
545.3485851326076,536.4362242901194
543.3595478402355,535.7760601560402
541.8152000374856,535.6949299176515
541.101057287617,534.1734247036602
540.5085422843532,536.4603803696633
539.7177487580257,535.7510607654324
537.8096971828103,533.4575020658835
534.0009066447029,530.3605883254855
529.8694585344402,526.5828074980877
526.1471015145595,523.8884176117048
524.4320513144652,521.9847645299006
525.8210398341644,526.039824416155
528.0564002700635,528.1783009191419
530.2672031440233,530.6901948261335
531.408971078144,531.5212429787065
530.7113889762398,530.4437566634015
529.6641450472193,529.7300208733951
528.8298162243693,528.2996821216528
527.5740980785955,526.9996981296457
525.2829007625297,524.5127491965137
522.9442305873588,521.3087118879106
520.8926095042592,518.9777924688265
519.5700428052949,517.4603038340465
519.1920568910379,516.9294034329612
519.0371299646449,516.0425679629751
518.8903248597169,516.221093899053
520.8365510603222,517.8154342147002
526.3768539184259,523.036076212913
532.4224792554917,529.3481371444525
537.9844643581939,534.2237591191525
543.642406807638,539.9514368344047
549.9751372384947,546.5437221422316
555.9756851842186,552.0120099439121
561.3033493156411,558.0152720397123
565.0487828865396,562.0256849002446
566.3633868769269,563.7215764261175
566.7982793234931,564.3364215768609
567.1008702107705,565.1062238328468
568.0020000069454,566.2317219728316
570.12629945541,568.7500751265953
572.2937155998438,570.2501313885393
567.726279426514,567.2020264914626
564.8880460256486,564.9168840695653
564.0071598459629,564.5260847505707
563.9957534201368,563.4543130786185
564.2441273303957,565.38999650765
564.1236569493299,564.5133057955439
563.0963469424125,564.3166052941793
561.9572242079053,562.5085755844417
561.0772362383849,561.8052822012496
560.9503802017691,561.6486033779021
561.9189338986323,562.4246102271378
562.9272690507863,564.0313741900795
563.55146344312,564.2541654698982
563.3960102608372,564.2717381814755
562.1071895588457,563.2083644499834
560.5234381538577,561.3637900181619
559.0933876608277,560.5137744633673
558.2913506099507,559.1427201793526
558.3767695369825,559.9915656045544
558.7287778430702,559.8159442256296
558.7973713548172,560.0430355523862
558.2920172541225,559.6056549929214
556.7779881866298,558.3565173654333
554.9511843733221,556.5252717969425
553.469560362007,555.1040754043598
552.1581586795478,553.5157720185766
551.0042195366916,552.0611748978913
549.9436640363215,551.7486652175
548.8645287781312,550.1650570599326
545.6608922501989,547.2271990277767
537.036722563655,538.4722289977766
527.560330663414,529.0286522307425
521.5319656079131,522.8421748968368
517.9782983474408,519.1409417402017
512.8404478055285,512.7576566170109
503.3502164137398,505.66927762970636
493.7539753778056,494.91461520331904
489.5883695475525,487.8830506170933
492.5484392278007,490.1958787555018
497.94785725521973,488.9424466698513
503.5499247395243,494.0623298469164
509.3885946307763,501.2537972760402
515.5673107511768,508.2202437623022
521.4735573525699,516.2347292569124
526.8686241206378,522.4496581867734
532.9026132677457,528.4690175657155
540.3627684501175,535.0919217193511
547.3729363992705,542.4642201992799
553.3501536658258,548.9975990084658
557.7625186378987,553.3507918107048
560.2804152943074,555.1553451430937
561.9371525617789,558.3769808221319
563.2291572142449,559.7708684079367
564.2605051019906,561.1847426747607
565.0410456781085,561.9687264439448
565.6659291009614,562.6242407967547
566.1681680642771,564.5936013206807
566.0240896643259,562.6882475429666
564.669966342406,559.6431427364188
562.8537156251907,556.1375819981724
561.0108558998908,552.7386122463977
559.0193734770112,551.3462027380763
556.5550990643567,549.8374130151599
553.9879260501393,548.3072927137571
551.5951824738482,546.4450487724574
549.4754418333746,544.8702096663175
547.60519839305,544.1177215849007
546.01722167348,542.4380274085026
544.7681091702493,541.4049117721917
542.7126774809499,539.3370935904671
538.7791965606963,536.370485526503
534.6577995739411,531.3983500107921
531.0890034860813,528.4441949946347
529.1766024860847,526.2102174509234
529.4763343961989,526.7693985591845
530.3817992233637,527.4333865512905
531.3160682901032,527.7266025940144
533.5110964927508,529.9858925055365
537.8649441088037,534.1567355790481
542.4870403021472,538.0976985968322
546.7638703884164,542.0658521306508
550.6013933712545,546.0365574037698
553.9748881923263,548.8935339840972
556.9466241419206,552.2271772323494
559.565278666474,554.6843550253506
562.566580891952,558.1574308762046
566.5860689279764,562.092006928539
570.5522968909463,565.3136068909603
574.0486660955306,569.3840205234729
575.6942394729925,569.9561298163525
574.1378223621372,567.9144858613219
571.5704998938152,566.7172334799245
569.0473495919242,562.6556515648803
567.4061565568799,561.5749472164434
567.3310752836754,561.2255538461744
567.7849263284469,562.0682263808329
568.0546578859909,563.1100228220398
568.612556490571,564.1180004656302
570.134237703703,566.527581969605
571.7760078001436,567.8588184976759
573.2097487410739,569.8894872537946
573.9620872057276,570.0524664220032
573.5765118090401,569.5280534060032
572.8507805418387,571.974574259934
572.1593013968246,570.2955370084576
572.776731976533,570.8812698286961
574.9991232837898,571.0304395577938
576.6769974486592,576.9295515482788
577.7887912746639,578.9705292193095
577.9505204246685,578.1848205608584
576.9912184822377,576.2739449921163
575.7929304313545,576.8219989011652
574.7799769543368,579.0480547669057
574.2804048272059,578.4304578059354
574.5322810910171,578.5323472758796
574.905798797176,579.8039691320871
575.0838454044201,579.6964082258386
575.0580113781755,579.7262345578902
574.8986615120276,580.342782906281
574.624472617106,578.8676643367971
574.2555097107302,579.4019294101885
571.9511783470908,576.2791900559961
565.0145454927499,569.6998500597333
556.9312180213384,562.2822200859646
550.2497014271509,555.0836835444126
546.8385943091429,552.5479708361885
545.9749304014691,550.8606000523291
544.2651560706064,549.4321830978565
542.2596318322591,547.4075369977127
540.8060022080613,545.0290512531806
534.989532540298,541.9370983334878
527.4644476498694,533.3898546117363
521.3238562946917,525.381839676739
516.8778357086671,518.5418077402351
514.1775752181544,513.8032976214639
512.8397791311123,511.2307149999118
512.0917851738063,507.7978706878675
514.896430423159,505.03504125597533
522.8201676047939,513.8233111433462
531.2276965889089,522.6136848058351
538.8785184419376,531.1607988814758
544.6942641338591,535.5631087688272
548.0116029181187,540.1014419421922
550.341176966099,541.0235683118639
552.2616179172484,542.3118562477366
555.0205540252178,542.8461885302725
559.5212542250521,547.2998170779817
564.0467956972669,552.255028892295
567.9615838817299,556.4336561183436
569.9248978643252,558.9131899978788
568.7998160100317,559.082201679998
566.6947923604508,557.8508457407759
564.5435866377588,556.6971813887975
563.3512171310502,556.7636201875849
563.9367012908338,558.3017904995144
565.0776604910475,559.9469307724326
566.0395988152317,561.5700609283191
566.9993766005426,562.9698108340078
568.2540191951447,564.5246387191046
569.4956519571966,566.2121988150344
570.6268816336478,567.0704397062567
570.4935429771085,567.637691038298
567.9816993437521,565.2924686413138
564.9838077135664,562.2148025239002
562.3426247550508,560.0269676872836
560.0933326065503,557.3690089812193
558.1422782922904,556.0363004885319
556.4196143133544,553.8311759880203
554.7997029034237,551.9492652823668
553.9384709171593,551.4413146144913
554.4029106482177,551.434323344149
555.2404534291531,551.5978468923715
556.0588798552099,551.6438843608731
556.3436832492912,550.7663170481343
555.6689542422888,550.7004280703517
554.8434534852408,549.2710527047117
554.1666071703198,548.1236204870883
553.7298308511984,547.595430554945
553.5043577411499,548.4593338964768
553.2988306582055,548.5134250541402
553.0617497178296,548.9681694318692
553.1176953359083,549.4485310801408
553.7169768935385,549.372737541112
554.3507082801945,550.868970325157
554.8585517093757,550.953081668595
556.0879156755624,553.4471865522867
558.7324800113549,555.748401340309
561.5503551437592,559.1857242078131
564.0936886217139,561.9524946028141
567.1147996017742,565.3903565038272
571.3151224472987,570.8765945843741
575.4998783519522,576.3171615585534
579.2167189624183,580.8376806451548
582.5831046305424,584.8446746097563
585.7903524117692,589.1897179742825
588.6820284231866,592.0191025256173
591.2171623299296,594.1733582981814
593.7134505663092,596.2464906021056
596.5283971879853,598.602535011407
599.2570332262296,600.9529608793491
601.6956151003784,603.04098329415
598.945803085663,600.0654967284478
593.1125105283048,594.3527478562344
589.1623871144504,593.0749444841229
586.7640992054228,589.2137101551558
585.7709318614957,589.9900824405756
586.1202419668019,590.5245246794185
586.883482165451,591.0876797092074
587.5179153764551,591.8043248353318
587.8257630650726,592.1744656257016
587.7458820490193,592.0591840045172
587.4342256903731,591.8108713936596
587.0085738368833,591.3308292186779
586.1496526385982,590.2484540811469
584.3754900286193,588.8903280984482
582.3440435150991,585.8211678708308
580.6746507561332,584.8408192645148
578.2120999756847,582.3283134774839
573.3671722694988,577.0623195872658
567.9794733131604,571.5848498908391
563.8560981349317,567.474911487076
562.2188454677323,565.3854152592357
562.737285555884,566.3177884592717
563.3676788707313,565.596509750712
563.6295234763937,566.7498529395425
562.0569704452673,564.023148228121
557.1375058661473,559.2570439967517
552.5263827776307,556.9240902617669
547.3709343683959,550.1907647910216
544.6061190934541,545.4306235460439
546.5429211261516,544.4023724810241
549.8919526326067,546.2496112810611
553.4878424338651,549.1922713981177
557.5673598323929,551.4125604001764
562.6267260968665,557.2292923742714
567.6004004908318,561.854654590644
572.1389403135231,566.5610132374732
575.6252024592468,569.5338929964504
577.5391157280801,571.4135468816952
578.8613538169336,572.1660578182339
579.99858136688,573.0439968373961
580.8558006211653,574.1244800295316
581.2627504202369,574.1025737439364
581.4089538055007,574.1264658955316
581.3700042127045,573.8520609358085
581.3883829922003,571.1882905112235
581.7183451249402,569.3374795461326
582.044010291451,569.5569608828866
582.2359714332572,570.2558460080223
582.9747730289123,571.4756728668053
585.020856092079,575.1127767386522
587.346846276516,577.7324882899812
589.5041989555536,581.1542550796283
590.8918824398363,583.8605042281321
590.9564749882094,586.4891041130568
590.5934242828268,586.5784798601962
590.2432530788976,586.1140638159025
590.0363930622859,586.9669768004233
590.0350168786019,587.1474974312821
590.1505254729735,588.2009054623636
590.3144056095664,586.1015160169813
588.7406397427235,588.3448990108612
583.4467934933308,581.9377237003596
577.1567403512706,575.4259914452136
571.3816566929513,567.5578224168505
566.361687222778,561.1704866671907
561.7535868453998,556.1988413071501
557.4413461345464,550.0763404531646
553.5370946711716,545.7129158232253
551.836896555493,544.6509661018072
553.5921349462398,545.2970222670864
556.2635048823356,549.5375804344825
558.8893177588463,551.3845117107232
560.8877502002183,554.4566238617044
561.8257862737161,555.9827036913244
562.520047004845,556.6475031869845
563.2312815867956,557.7564727942276
564.6886213935213,559.7168900183651
567.3974721982211,562.9884602551947
570.1525965240697,565.8440919754389
572.5056429230497,568.5626941939696
575.9780350435586,572.0827031665262
581.9287579304968,578.4732241029161
588.0373832318686,586.0863204088001
593.4379823043259,591.8623571475673
598.0974114765274,597.7782292240497
602.1385952560333,601.0981405025916
605.6780646964411,604.2218078270896
608.8173634750789,607.5008252702905
611.695928339875,611.8519867744628
